Id,Name
a0579b7,米津玄師
a04fdf2,back number
a00126c,童謡・唱歌
a04ac97,RADWIMPS
a001c7a,Mr.Children
a05996f,あいみょん
a000eac,嵐
a000603,スピッツ
a000673,BUMP OF CHICKEN
a04cc4b,ONE OK ROCK
a000701,中島みゆき
a00067d,B'z
a000619,aiko
a00067f,ケツメイシ
a04d733,西野カナ
a04bcdd,AAA
a002907,SMAP
a04cb21,GReeeeN
a0560d3,乃木坂46
a00450a,椎名林檎
a055790,SEKAI NO OWARI
a000614,ゆず
a0512cf,星野源
a000c13,松任谷由実
a04cb7c,AKB48
a04c814,いきものがかり
a04d6c9,サカナクション
a000617,浜崎あゆみ
a000ee6,尾崎豊
a000670,GLAY
a01151c,UVERworld
a001c7c,宇多田ヒカル
a000607,EXILE
a000656,コブクロ
a04c9d1,秦基博
a000eb2,NEWS
a000623,サザンオールスターズ
a00839f,HY
a058b38,ジャニーズWEST
a04e406,UNISON SQUARE GARDEN
a055e9b,クリープハイプ
a05d6d3,King Gnu
a04ab16,関ジャニ∞
a052b38,amazarashi
a04d74f,清水翔太
a055cda,Sexy Zone
a04bc64,TV・アニメ主題歌
a000680,安室奈美恵
a05cf40,ヨルシカ
a001fed,スキマスイッチ
a00734c,THE BLUE HEARTS
a005e93,MISIA
a000611,ポルノグラフィティ
a000725,Janne Da Arc
a0004ab,さだまさし
a05a2d6,Mrs. GREEN APPLE
a0025ea,THE YELLOW MONKEY
a000671,福山雅治
a00060f,平井堅
a013999,湘南乃風
a05c7bf,菅田将暉
a055380,MAN WITH A MISSION
a000618,DREAMS COME TRUE
a000db4,斉藤和義
a000675,長渕剛
a05570f,Aimer
a04d2c8,AK-69
a05a2d8,My Hair is Bad
a04c5bc,FUNKY MONKEY BABYS
a001cc9,エレファントカシマシ
a04cdbd,Superfly
a000715,YUI
a000723,L'Arc～en～Ciel
a04d137,Acid Black Cherry
a056dae,SHISHAMO
a0011b4,浜田省吾
a04b3e1,sumika
a0005ff,槇原敬之
a002446,電気グルーヴ
a04daf4,Kis-My-Ft2
a0015e5,KinKi Kids
a000682,東京事変
a05ed1f,Foorin
a0004ad,松田聖子
a056ab6,Linked Horizon
a00503e,竹内まりや
a000457,吉幾三
a0025f3,ORANGE RANGE
a00d0ea,加藤ミリヤ
a00b5b9,Dir en grey
a0540b5,高橋優
a000776,レミオロメン
a000626,モーニング娘。
a0006e7,BUCK-TICK
a04f581,阿部真央
a0006a5,DA PUMP
a0076ef,KAT-TUN
a0006b2,倖田來未
a000977,美空ひばり
a05b333,欅坂46
